doubletriple_hit,fielded_out,homerun_hit,other,single_hit,single_walk,strike_out
-0.6263089,-0.2557624,-0.5502474,-1.2090425,0.00052936,0.15912877,0.103023
0.642054,-0.8331802,-0.999367,0.629899,0.34167325,-0.50600904,0.8048345
-0.5942132,0.12681998,-0.10922382,-1.3593487,-0.21451615,-0.100235745,-0.32027665
0.67326874,-0.7638287,-0.593511,0.80952936,0.5133747,-0.12756887,0.8216176
-0.54221374,0.10884163,-0.17056382,-1.3660777,-0.30472016,0.19214343,-0.45902437
0.5266866,-0.9584633,-0.9545516,0.55359286,0.24538518,-0.07982328,0.8460207
-0.47280565,0.43543592,0.1574618,-1.3626264,-0.083550684,0.06546926,0.40758768
0.41170612,-0.78234994,-0.87589896,-0.6902714,0.25263742,-0.012727622,0.8891399
-0.4831258,-0.18398622,-0.25454423,-1.350149,0.2296232,-0.11349714,-0.40493244
0.4464465,-0.8776785,-0.9960334,0.59374785,0.015447966,0.3112061,0.83919775
-0.6122445,0.023386355,-0.59139985,-1.3353957,0.0764577,-0.12842923,-0.17675216
0.6008127,-0.91898537,-1.0557315,0.6825247,-0.7873532,0.020749927,0.6612996
-0.43192616,0.013111405,-0.3149773,-1.3302584,-0.082552694,-0.003974871,0.05554596
0.42999062,-0.88209236,-0.96493685,0.7200339,0.10078911,-0.030647006,0.80327135
-0.53024,0.38273594,-0.440683,-1.2901596,-0.051935967,-0.08765942,-0.11466608
0.44567707,-0.83752406,-0.843659,0.5613813,0.08024479,-0.31761807,0.90444994
-0.49018285,-0.16372931,-0.35082144,-1.3777541,0.32735413,-0.27915567,-0.35758996
0.47263247,-0.91177976,-1.0415261,0.50854754,0.048835907,0.09136915,0.8065927
-0.5904096,0.039473005,-0.0537767,-1.4272791,-0.30601606,0.16355337,0.029415842
0.60353726,-0.9282874,-0.9223923,0.3918719,-0.06689533,-0.115974754,0.9050518
-0.50960296,0.4312011,0.3249316,-1.2914611,0.05257043,0.22796056,0.2412827
0.46397868,-0.84342694,-0.8649533,-0.6096489,0.37320614,0.18086767,0.85678464
-0.5805992,0.5786817,0.08848881,-1.2895124,-0.1348316,0.21601129,0.2118553
0.5892309,-0.7815791,-1.0386525,-0.40387088,0.061775938,-0.28183,0.7410755
-0.61402345,0.6648869,0.34158766,-1.3296237,0.19003539,0.14301187,0.54074615
0.6410639,-0.6628489,-1.082707,-0.5272939,0.078145996,-0.30028725,0.71461046
-0.5664041,0.4986775,0.28183806,-1.2359807,0.18578596,-0.21874489,0.4607545
0.51770467,-0.7093016,-1.0017982,-0.37512136,0.6227288,-0.11179299,0.6795388
-0.5908555,0.2776243,-0.33753347,-1.2646025,0.36525333,-0.34408605,0.109098054
0.5848255,-0.88933915,-0.85691184,0.63045055,0.06846502,-0.44878522,0.7971367
-0.7268567,-0.028138064,-0.4064732,-1.2520514,-0.29988304,-0.5333319,-0.0689244
0.6701497,-0.7379575,-1.0073569,0.5185394,0.41510785,0.44351685,0.5295693
-0.65552294,0.4261729,0.5198195,-1.3270923,-0.89208084,0.29111454,0.57035476
0.574366,-0.7668119,-1.0493532,-0.7648702,0.026672874,0.018421087,0.59979326
-0.5456496,0.4550908,0.42586938,-1.2342199,-0.2294112,0.09997215,0.17079529
0.6306306,-0.7539829,-0.9534334,-0.5942404,-0.28348106,0.24193569,0.7938387
-0.49303982,-0.0021046551,-0.5825944,-1.3847344,0.01770902,-0.43249097,0.11347386
0.55991274,-0.8986698,-0.8675878,0.79508305,0.2829816,-0.66541624,0.6945949
-0.70885324,-0.59690887,-0.72769916,-1.3130447,-0.15809587,-0.20252617,-0.55572134
0.6861644,-0.7158951,-1.0704198,1.0388467,0.058353573,1.1032642,0.5045906
-0.60059124,0.39529198,-0.12283143,-1.3255386,-0.14969052,-0.38681456,-0.26347977
0.4704919,-0.8517791,-1.0190996,-0.021393806,-0.10364594,-0.11906033,0.8276475
-0.54302543,-0.22161943,-0.35283554,-1.333205,0.37761876,-0.30851844,-0.16897525
0.53020763,-0.92819643,-1.0334812,0.6267391,-0.21657322,-0.13390167,0.6831308
-0.6992985,0.3004346,0.43671992,-1.4408325,0.39404505,0.6017486,0.34291464
0.66073257,-0.7035856,-1.1247946,-0.70796174,0.090364724,0.71423775,0.7652184
-0.5112099,-0.0047784615,-0.41849044,-1.3003044,-0.0741504,-0.008713578,-0.2204392
0.6033617,-0.8562542,-1.0693733,0.55586874,0.3477448,0.007303079,0.716643
-0.5732297,-0.00089788286,-0.48370868,-1.2933207,0.30295673,-0.20954123,-0.109314814
0.6106382,-0.81382936,-1.1203034,0.6938872,-0.0116083445,-0.18795425,0.68013453
-0.5797933,0.17140089,0.3089223,-1.5090376,-0.2669027,0.4069582,0.1678416
0.61626023,-0.88770044,-1.107994,-0.32874432,-0.30601805,0.1144498,0.7792496
-0.61516476,0.25884858,0.500943,-1.3831351,0.08617187,-0.07478273,0.097876444
0.52977777,-0.7893516,-0.9330472,-0.56369597,-0.13114108,0.15262616,0.78049535
-0.43340093,0.0029335842,-0.45102957,-1.3409323,0.5932988,-0.08967147,-0.3816148
0.43670455,-0.90867513,-0.8934034,0.6525534,0.26667792,-0.037666067,0.74929506
-0.5784873,0.18699743,-0.33412388,-1.2003832,-0.17066592,-0.20599091,0.28268245
0.62091255,-0.8661995,-1.0294765,0.37653902,-0.0026230891,0.05266952,0.9242923
-0.51218283,0.006013742,-0.23884723,-1.226512,-0.172701,0.14330187,-0.119296364
0.5042196,-0.8251424,-0.9732151,0.5084939,-0.030186797,0.40872356,0.7973623
-0.5947129,0.2585261,-0.49040672,-1.3766308,-0.15462695,0.22589271,-0.09035232
0.46780705,-0.8481051,-0.9059875,0.3625563,-0.14174148,0.44705936,0.7718798
-0.52218384,-0.22708732,-0.30448627,-1.3367049,0.07559387,0.8303448,-0.23294881
0.48199508,-0.96355623,-0.5909362,0.8384446,0.23893912,-0.55182433,0.7977845
-0.57651746,0.031496573,-0.3082219,-1.4088022,-0.39416417,-0.515954,0.02396209
0.59507364,-0.8415091,-0.7204882,0.7694422,-0.22120403,-0.22700898,0.73839337
-0.5622884,0.35465103,-0.5887779,-1.4922961,0.0039932705,0.16332796,0.4011977
0.5670778,-0.8008031,-0.91100246,-0.27838022,0.15022758,0.120604165,0.9352392
-0.6078989,0.57167286,0.1312097,-1.3347176,0.017604392,0.35872886,0.50042194
0.57964253,-0.7250822,-0.93394405,-0.77642506,-0.10125841,0.32735398,0.6577457
-0.5399574,0.010498861,-0.44989914,-1.2982665,0.09310866,-0.10769294,0.0953321
0.5146508,-0.833092,-0.9777367,0.6163052,0.049208034,0.40095264,0.7613752
-0.6912499,0.023667546,0.048979025,-1.2996215,-0.20845008,-0.32406467,-0.063515306
0.6433309,-0.88984805,-0.9618909,0.27542895,-0.069544435,-0.1529598,0.86958224
-0.59081745,0.11234959,-0.2817013,-1.4153616,-0.5150483,-0.20708431,0.1911672
0.5543146,-0.7969969,-1.237809,0.6995841,-0.47055182,0.17123681,0.6389341
-0.5668088,0.40967342,0.6359262,-1.2454385,-0.1084628,-0.48598877,0.07986001
0.6084616,-0.6642215,-1.0303096,-0.7453425,-0.19800083,0.35641626,0.67026633
-0.40750206,0.4414215,0.16021466,-1.3148346,-0.04536582,-0.001363462,0.2441747
0.4369203,-0.7039679,-0.70532787,-0.6825683,-0.088958785,-0.2998897,0.789347
-0.5799308,0.103379585,0.22006367,-1.2702692,0.09328821,-0.7113325,-0.047423113
0.54378235,-0.8831182,-1.1322105,-0.6604593,0.0038307996,-0.20925502,0.90096074
-0.5391576,0.1292536,0.17752033,-1.4180044,-0.06347303,0.2244866,0.26845548
0.5609272,-0.77923405,-1.0510471,-0.39956588,0.12471965,0.10894001,0.7913128
-0.5377073,0.122230425,0.026551768,-1.2469145,-0.3618594,-0.04636355,0.1510492
0.5601412,-0.94655794,-1.100092,-0.13534781,-0.2407426,-0.014252083,0.7614122
-0.6069354,0.62128866,0.19936614,-1.2286607,0.081265986,0.24545632,0.36148
0.60057,-0.6908512,-0.99769044,-0.651662,0.20442183,-0.0731491,0.83565205
-0.5265379,0.43601128,0.52749205,-1.3448384,0.09893243,0.18904093,0.56586605
0.54086614,-0.70970035,-0.966499,-0.835298,0.1726352,-0.117636845,0.78083956
-0.5391916,0.008932322,-0.4695406,-1.1360655,0.047545638,-0.09154715,-0.11136047
0.5201678,-0.8431323,-0.8165273,0.6764264,-0.14820398,0.16829689,0.8591711
-0.5992026,0.073881745,-0.34655952,-1.3021537,0.010905647,0.48496044,-0.0054038046
0.5740225,-0.8630137,-0.8040407,0.66154516,0.053544056,-0.009954983,0.930142
-0.51959467,-0.09377277,-0.4228278,-1.313069,0.3875345,-0.2940263,-0.46596503
0.52077764,-0.8908798,-0.8442805,0.6740294,0.064196266,-0.25605133,0.8272442
-0.6813537,0.16415045,-0.25437075,-1.4051883,0.14868051,-0.14089887,-0.122914724
0.7017614,-0.8527182,-0.95814466,0.55668336,0.15541136,-0.019240167,0.84933203
-0.562817,0.04484012,0.22998895,-1.4313232,0.10966425,0.27007604,0.18227808
0.6212146,-0.8214207,-0.967864,-0.39684314,-0.112664476,0.12744808,0.82563806
-0.53837925,0.40517393,0.3193086,-1.3023504,-0.23701668,0.044238262,0.051948737
0.57780457,-0.7874581,-0.96602255,-0.25825468,-0.1644675,0.04750308,0.83663183
-0.4727158,0.39731956,-0.14669083,-1.205747,-0.13191116,-0.01508569,0.45879444
0.4742388,-0.83825153,-0.799677,-0.06308032,0.33263284,-0.38441995,0.77122986
-0.5368905,-0.18171845,-0.3359671,-1.272886,0.26572147,0.7465014,-0.44693115
0.50074553,-0.9150211,-0.6064532,0.78664416,-0.21359724,0.1575157,0.8674804
-0.5880957,0.000103494924,-0.5676248,-1.4427013,-0.0215146,-0.2123414,-0.1195183
0.5572737,-0.76690286,-0.9502598,0.43351635,-0.3004739,0.3387009,0.921016
-0.50170577,0.25241768,0.30661803,-1.1823384,0.18414323,-0.44424814,-0.10977842
0.6079355,-0.7632055,-1.104967,-0.30145726,-0.21290521,-0.26939577,0.7087796
-0.5567678,0.38453728,0.1706123,-1.508934,0.17570356,-0.38105255,0.111510485
0.6204333,-0.6898206,-1.2082914,-0.23763052,0.6943995,-0.72468865,0.68631953
-0.5357563,0.21736372,0.17108184,-1.4011768,-0.10263558,-0.1305294,0.100639775
0.52399045,-0.7985282,-1.0428503,-0.6281467,0.07284903,-0.30254725,0.72410697
-0.5166321,-0.08358243,-0.18052582,-1.2650937,0.30487904,-0.11706742,0.068819255
0.54494137,-0.836162,-0.9504639,0.40755892,-0.14125974,-0.13413367,0.9854487
-0.5107858,0.34147856,0.33006775,-1.5048108,0.13166317,0.25036615,-0.0059750313
0.49568123,-0.7615153,-1.0161572,-0.42708385,0.1214023,0.19375268,0.871198
-0.4926338,0.41376835,0.18321368,-1.4064907,0.16617495,0.2078827,0.37255675
0.49610364,-0.79318345,-1.0806469,-0.30189446,0.08885686,0.113467485,0.68642783
-0.3495576,0.59473413,0.35751817,-1.375513,0.07434199,-0.03143516,0.24599692
0.48673347,-0.70953315,-0.80626553,-0.7302674,-0.08745891,-0.2904053,0.8177016
-0.57527,0.26446655,-0.08369864,-1.2576308,-0.35549957,0.4636813,0.051076747
0.55790186,-0.7856326,-0.91278017,-0.45540312,-0.05139148,-0.026640927,0.823582
-0.4175826,0.22839464,0.52196574,-1.4213313,0.20067139,0.5499863,0.033361956
0.43319428,-0.8638219,-0.719629,-0.50674224,0.6775298,-0.18603036,0.8558242
-0.625765,0.65563613,0.5277567,-1.4215965,-0.008669161,-0.06757427,0.33508408
0.63897747,-0.73997444,-0.8500506,-0.6564653,0.35890678,-0.15934205,0.6936796
-0.49156803,-0.008902218,0.4036391,-1.2839186,-0.023516972,0.062342834,-0.028679518
0.51372147,-0.8638918,-0.77274966,0.4119766,0.24545541,0.34399983,0.9677744
-0.5673342,0.1253404,-0.14320232,-1.3987337,0.04812602,-0.09566043,0.2523158
0.56147116,-0.87433106,-0.94012815,-0.39248434,0.102135114,-0.21833721,0.850723
-0.49275076,0.3203289,0.61954397,-1.0673003,0.15336885,0.06703525,0.57221186
0.46176535,-0.84966034,-0.7095807,-0.66565406,-0.1773406,0.25506383,0.73352015
-0.5045467,0.29656112,-0.37098822,-1.2269166,0.21671383,-0.5387885,0.3533112
0.58284134,-0.79418486,-0.72071916,0.7136288,0.5931986,-0.3100351,0.95778674
-0.6663861,-0.039935317,-0.26188713,-1.3189176,0.4094516,-0.009715434,-0.016125605
0.52077335,-0.8351532,-0.92715913,0.6821021,0.2164496,-0.09455105,0.80359006
-0.64001274,0.1468967,-0.28445795,-1.3990612,-0.3729456,0.43609393,-0.09755806
0.58881295,-0.8770118,-0.97651935,0.4749633,0.041468475,0.2676956,0.7162673
-0.46585995,0.47972476,0.2537291,-1.3685981,0.0096370345,-0.20587794,0.49940783
0.47026396,-0.8014333,-0.81593835,-0.6551119,0.2771262,-0.3150572,0.7473312
-0.46921173,-0.026163513,-0.5706669,-1.3619565,0.17820682,-0.5906934,0.11991579
0.627994,-0.7640865,-1.0162362,0.8021149,0.14318694,0.53851485,0.8092858
-0.5333717,0.10876701,-0.6732029,-1.2332685,-0.116349496,0.19624749,0.2260957
0.52906156,-0.8112347,-0.93488157,0.6885238,0.19292912,-0.53440636,0.73117846
-0.5808344,-0.12751043,-0.5698679,-1.136991,0.27781656,-0.3118253,-0.19590203
0.5193103,-0.821644,-0.8045736,0.82218134,0.0640968,0.07899238,0.9753051
-0.043384526,0.45807225,0.3362951,-1.2078913,0.17027777,-0.562821,0.97336835
0.18785782,-0.39159653,-0.10389817,-1.0767604,-0.6772405,0.05244315,0.700504
-0.48227608,0.4006131,0.48499915,-1.3195844,-0.11043714,-0.08357977,0.47639617
0.4930337,-0.80316865,-0.84871614,-0.30424243,0.11737184,-0.022814494,0.7234951
-0.54279375,0.0013246352,-0.2777486,-1.3461534,0.042706132,-0.008349904,-0.049917925
0.5720244,-0.83445114,-0.83167475,0.7179486,0.2312894,-0.48820066,0.8272207
-0.3936929,0.30994812,0.46272254,-1.4201015,0.10677146,0.016726565,0.20674148
0.30189034,-0.7422233,-1.0204345,-0.6680092,0.0027255958,0.036985602,0.9050393
-0.58664954,-0.27940354,-0.4735854,-1.3007939,-0.29336205,-0.016475815,-0.12201887
0.5132374,-0.8321255,-0.97407746,0.6513414,0.25892007,-0.3776069,0.73459774
-0.63463205,-0.06518373,-0.5876952,-1.203007,-0.0046759844,-0.068658225,-0.510753
0.49698374,-0.8965171,-0.845764,0.79990566,-0.35904703,0.5524395,0.8083829
-0.5404685,0.07850926,-0.19017597,-1.4055383,0.08705777,0.08704298,0.012336184
0.49944517,-0.89080787,-0.95053375,0.6168998,-0.48188898,0.18144599,0.77819604
-0.58743453,0.43584064,0.13318785,-1.2345766,-0.24949221,0.52814734,0.37310836
0.5414161,-0.7992463,-0.7854124,-0.5998557,-0.18067138,0.010681595,0.8006936
-0.4595823,0.4640414,0.06566563,-1.3567119,0.02793664,0.4921697,0.53134805
0.44687462,-0.79806477,-0.9828345,-0.51928455,0.67162853,-0.65914685,0.84212345
-0.4442901,0.1638046,-0.013452648,-1.4259303,-0.3325052,0.244506,0.20594977
0.388194,-0.8164456,-1.0157534,-0.46645886,0.25899735,-0.6195375,0.88969064
-0.58265096,0.53585845,0.38352215,-1.1501977,-0.21035692,-0.018093016,0.24480438
0.5133012,-0.78270495,-0.91759956,-0.43779504,0.43434188,0.2353123,0.84435534
-0.47856632,0.44847983,0.503613,-1.2249302,-0.15679382,0.06297675,0.3547429
0.46786356,-0.8045592,-0.8136984,-0.36586544,0.22392,-0.55235416,0.8784767
-0.61031735,0.53046316,0.14316274,-1.4345573,0.22957271,-0.037048697,0.11269227
0.6495814,-0.7069235,-1.0151923,-0.6358475,0.7313691,0.040061567,0.8347576
-0.55548316,0.29447517,0.39102048,-1.3950343,-0.1776849,0.104679696,0.37124145
0.54463106,-0.73648703,-1.0981165,-0.59581697,0.103434935,-0.17458104,0.6402696
-0.51203555,0.7421345,0.47820234,-1.269578,-0.17089206,0.4469837,0.48972416
0.57508093,-0.736325,-0.9737521,-0.8387311,0.42472583,-0.5464527,0.86483645
-0.5451954,0.0541548,0.09104572,-1.4401027,0.23635425,0.14500503,-0.1761432
0.51970613,-1.0076205,-1.0274692,-0.45145604,0.45493916,-0.57434845,0.8484792
-0.6376869,0.16173509,-0.31449023,-1.4110224,0.37370676,-0.12841849,0.2777355
0.51738894,-0.8566788,-0.81525844,0.7338246,-0.06380768,-0.44889665,0.75255096
-0.4863056,-0.057849705,-0.3936527,-1.1888568,-0.024980072,0.27458563,-0.10078948
0.543161,-0.978744,-0.9214428,0.45937866,-0.074221455,0.014050742,0.9490473
-0.6513005,0.2817081,-0.3071607,-1.222192,-0.0017129204,0.30690286,0.09720596
0.6384371,-0.8207136,-0.9942357,-1.1428353,0.5942751,0.03441265,0.8513443
-0.45503488,0.6084263,0.37392873,-1.3506453,-0.63422143,0.049224213,0.30806813
0.5179407,-0.73182243,-1.0936434,-0.6908264,0.25225985,-0.3638501,0.74798256
-0.60772526,0.041190147,0.73901176,-1.4629589,-0.1467507,-0.29697612,0.2580617
0.63016635,-0.8324005,-0.8527734,-0.7157308,-0.21566598,-0.22755037,0.7400704
-0.59957427,-0.20039754,-1.2007906,-1.2090173,-0.10224762,0.6754137,0.0402734
0.5347725,-0.98706,-0.38790607,0.39581245,0.014355206,0.06967504,0.9065232
-0.54589736,0.44838375,-0.073167615,-1.2607332,-0.669068,0.27326256,0.22782749
0.56668425,-0.69829637,-0.98957944,-0.59260523,-0.28259763,0.060748603,0.8230087
-0.31588295,0.2963834,0.17299286,-1.3640944,0.12299367,0.21425267,0.13825312
0.41277876,-0.97068304,-0.8579135,-0.62252456,0.20978542,-0.1402795,1.0140575
-0.6391738,0.14317107,0.14392503,-1.3696467,0.053983092,0.24673028,0.15427269
0.61879826,-0.8448935,-0.9249416,-0.2827635,0.2521065,0.091534875,0.83658147
-0.6098787,0.39118105,0.6127875,-1.330526,-0.0068006725,0.009138748,0.36827588
0.57994866,-0.7378453,-0.8665324,-0.60301775,0.07232455,0.6362169,0.7030269
-0.47711697,0.05806946,-0.35691342,-1.4143614,0.27817547,-0.062815234,-0.16970249
0.31996188,-0.9649659,-1.0275326,0.44731855,0.4004086,0.5624174,0.7588305
-0.4042219,0.5184427,0.33132288,-1.3753823,-0.24672875,0.48284942,0.25450027
0.38325405,-0.7844631,-0.81037825,-0.6532069,0.16151056,-0.16510415,0.8585511
-0.5474261,0.38370907,0.5099537,-1.0462301,0.056414485,0.87858886,0.26997292
0.53770596,-0.8076148,-0.8707198,-0.8542954,-0.2106739,-0.6676699,0.916107
-0.56447846,0.33964074,0.27578008,-1.4200373,0.33054265,-0.28845945,-0.21489638
0.47879604,-0.8037657,-1.1890231,-0.51254356,-0.27952707,0.19159524,0.7611051
-0.54584575,0.31098646,0.82480866,-1.2347325,-0.07046296,-0.0418835,0.31614804
0.5207357,-0.8907118,-0.5657286,-0.53203136,0.06776617,-0.006169321,0.8570384
-0.7103066,-0.026096683,-0.35525292,-1.3284376,-0.43887967,-0.07056211,-0.07093947
0.6254894,-0.7851517,-1.0048013,0.7176617,0.23283802,-0.12188533,0.5979349
-0.42422125,0.4798749,0.33477885,-1.3367525,-0.08843141,-0.010653266,0.10455079
0.29523894,-0.80329543,-1.0538895,-0.52143246,0.13100936,0.08247277,0.84321904
-0.6071225,0.018783642,0.13698062,-1.4572983,-0.14196412,-0.45344654,0.13594615
0.41230172,-0.83339304,-1.0609689,-0.5298618,-0.23448165,0.41509897,0.6679587
-0.52216566,0.37805298,0.3553275,-1.3751454,0.25284445,-0.39771292,0.23080017
0.51521915,-0.7662916,-1.0608963,-0.46156392,0.5116493,-0.0135739,0.67614514
-0.6335115,-0.019707497,-0.68668896,-1.335603,-0.23545659,0.61057514,-0.20302911
0.56213534,-0.8084791,-0.7781427,0.67018193,0.1198782,-0.21087642,0.84970033
-0.22762805,0.148695,-0.6878017,-1.2139529,0.1998133,0.558664,-0.9738272
0.24202919,-0.88371134,-0.755902,0.92188406,-0.47453135,0.30319577,1.0808016
-0.5661953,0.44143325,0.52345926,-1.2383552,-0.61876714,0.24955186,0.33690742
0.52503175,-0.87202257,-0.95897365,-0.8553503,0.7956394,-0.2761134,0.87352216
-0.543906,0.48653126,0.5915959,-0.98741955,0.13394926,-0.16191019,0.18167113
0.35457125,-0.71680516,-0.9802316,-0.45657122,-0.12035427,-0.1741776,0.79790926
-0.46781728,0.5984775,0.545986,-1.4113928,0.031438258,-0.031574346,0.12537389
0.5176559,-0.6763902,-0.9580486,-0.54685456,0.24340901,0.3919546,0.7931472
-0.68737954,-0.09927055,-0.30113187,-1.2793732,0.8104803,-0.28377998,0.22126395
0.6098052,-0.83149767,-0.88880223,0.7798014,0.06898569,-0.12738913,0.8630325
-0.41546363,0.18669644,0.3106475,-1.3224243,0.05059826,-0.49063832,0.6118118
0.482879,-0.90109265,-1.063228,-0.6230855,0.31293857,-0.32592267,0.8519011
-0.59634995,0.30202293,0.20772429,-1.248095,-0.108198,-0.102612704,0.23665091
0.54641354,-0.79489034,-1.0533603,-0.74642813,0.27085134,0.21776402,0.7589841
-0.67085373,-0.4065845,-0.3652228,-1.0364976,-0.03425954,0.29889554,-0.40854043
0.5932641,-0.84060967,-0.76087564,0.62517965,0.20000729,0.07373354,0.90091085
-0.56716055,-0.16056974,-0.46449864,-1.2622523,-0.06897994,-0.079624094,-0.37727964
0.43407404,-0.9124807,-0.91246176,0.7810855,-0.17333627,-0.0888752,0.7780387
-0.4660743,-0.1788197,-0.51695067,-1.0528982,0.25585258,-0.017912433,-0.30083302
0.5438375,-0.9134374,-0.7975643,0.6587607,-0.32123613,-0.12419509,0.77923554
-0.50117844,-0.11234153,-0.54834944,-1.2236565,-0.053850006,0.006144538,-0.049033
0.46695688,-0.91214424,-0.88552874,0.74645424,-0.3064971,0.034109734,0.81317985
-0.5181952,0.084745094,-0.38329768,-1.351068,-0.08185175,0.37874857,0.35957187
0.5241995,-0.91705376,-0.91293275,0.46955198,-0.034429803,0.009806531,0.90838766
-0.5635775,0.48907253,0.29518446,-1.2618362,-0.0408947,-0.03723025,0.43773773
0.6125499,-0.70212394,-0.99206024,-0.79418975,-0.04136336,0.3014924,0.6328965
-0.6306328,-0.064665414,-0.43938202,-1.3345598,0.19076383,-0.45521215,0.1526004
0.65395826,-0.91093874,-1.0873969,0.5446618,-0.077334665,-0.18904631,0.7275377
-0.5406234,0.07510614,-0.37337714,-1.3443805,-0.10197134,0.1805203,-0.0690996
0.64699244,-0.77663463,-0.9125007,0.64541286,0.28316048,-0.3822809,0.92895883
-0.61176616,0.3132487,0.41534585,-1.4130311,-0.09768069,7.603469e-05,0.17770663
0.6083548,-0.7635807,-0.8290905,-0.6132772,0.08509672,-0.32023707,0.8750976
-0.63758546,0.3204619,-0.45291206,-1.2513849,0.093666434,-0.32880762,-0.14939196
0.49305645,-0.842077,-0.94047797,0.5960545,0.1287579,-0.29606912,0.8714326
-0.4507741,0.088551745,-0.2689479,-1.3587621,-0.11110539,0.6918468,-0.11870218
0.40752196,-0.89304465,-1.0147427,0.486996,0.074281216,-0.23053725,0.908968
-0.56035733,0.42590973,-0.14514996,-1.320053,-0.18594687,0.07927438,0.045143414
0.57283896,-0.72284424,-0.9070239,-0.66974133,-0.30092716,-0.22546609,0.78747
-0.4469254,-0.26547557,-0.26997554,-1.419916,-0.1894288,-0.3875325,-0.5565899
0.5126293,-0.90480757,-0.9228932,0.55412924,-0.052198894,0.072690345,0.83017784
-0.50990754,0.23113266,0.058087755,-1.4485724,-0.3257404,0.15778239,0.1846533
0.5291993,-0.8712013,-0.97659683,-0.38473967,0.344789,0.008284371,0.79913294
-0.5939267,0.16902266,-0.32475597,-1.3143028,0.04307099,-0.28659835,-0.31853926
0.5060895,-0.8462546,-0.8931561,0.7294169,-0.12837489,0.15374304,0.91927165
-0.49965364,0.27217177,0.18236993,-1.3380096,0.035745095,0.27729532,0.39048508
0.4782927,-0.7780873,-1.006424,-0.48229566,-0.031770404,0.24829732,0.6651745
-0.54134285,0.4765087,0.3618409,-1.393292,0.2033336,0.43169734,0.0026894123
0.5070495,-0.70660365,-0.96675503,-0.6528537,-0.033943277,-0.13348508,0.88448006
-0.59166783,0.284558,0.34003162,-1.3440596,0.14231384,-0.12666373,0.09908119
0.5520897,-0.7242574,-1.0657656,-0.5391099,-0.34753916,-0.067105144,0.76311964
-0.52672625,0.12783079,0.1272335,-1.2862625,0.018599233,-0.31722504,-0.21619608
0.61184454,-0.8448617,-0.9111935,-0.47192147,-0.10610553,-0.24195668,0.89610577
-0.4578833,-0.090545885,-0.1914515,-1.4142545,-0.011511412,0.11378562,-0.077161
0.40071276,-0.92295784,-0.88166165,0.6247762,-0.057108585,0.23102942,0.9193306
-0.5303753,0.24143687,0.29514927,-1.3953713,-0.3290623,0.05481868,0.091008015
0.5603403,-0.77777064,-1.1080285,-0.6152509,-0.18366943,0.15385352,0.7178488
-0.49158812,-0.23943578,-0.2739032,-1.3032254,0.5705928,-0.04283677,-0.2936642
0.53135616,-0.91652876,-0.82881236,0.73252875,0.046038628,0.010294197,0.81727535
-0.61321515,-0.16531214,-0.21407615,-1.2899141,0.061962456,0.267422,-0.24356535
0.5809745,-0.8520783,-0.8042625,0.80198306,0.346848,-0.4828391,0.76356876
-0.5630222,0.4596788,0.38577858,-1.2858251,-0.45828232,0.5162649,0.17325668
0.60929406,-0.8533504,-1.0247729,-0.57154363,0.30822727,-0.542398,0.83808225
-0.58879805,0.0047878977,0.18647921,-1.2988541,-0.12298034,0.073969565,-0.44760633
0.6208353,-0.86804426,-0.74492246,0.77395546,-0.013550712,0.16028869,0.87540984
-0.6417235,-0.1446715,-0.35149184,-1.3040507,0.16294993,-0.22176653,0.11197412
0.6331992,-0.8253056,-1.0999571,0.32915768,0.05973395,0.5040274,0.8038408
-0.5380695,0.1840523,-0.43059817,-1.3588195,0.08829034,0.03783972,-0.124946006
0.4699959,-0.9027457,-0.8439644,0.63629985,-0.6533624,0.0051912153,0.7766526
-0.4325089,-0.30355683,-0.50932574,-1.2089056,0.28320634,-0.07391912,-0.2661491
0.4947217,-0.9317219,-0.70671743,0.58130985,-0.21588947,0.13255729,0.8037243
-0.41861466,0.94124967,0.6856623,-0.91135734,-0.1601568,0.21894006,-0.0031029028
0.42865792,-0.7101023,-0.88180125,-0.8150832,-0.19493133,0.19900946,1.0597056
-0.61816406,0.42365548,0.47293487,-1.2796819,-0.05761597,0.3921467,0.033540525
0.62733537,-0.7830842,-1.039132,-0.52956605,-0.07896202,0.03959482,0.7404085
-0.3543582,0.4474538,0.1510222,-1.2401785,-0.14181173,-0.2753648,0.53816926
0.4789428,-0.88123775,-0.9467544,-0.8063095,-0.123288855,-0.1559419,0.6850731
-0.5294549,-0.20999448,-0.22528309,-1.2748156,0.3536743,-0.08460062,0.0015626157
0.49102053,-0.9160844,-1.0457959,0.2654553,0.054122057,0.5291597,0.7851605
-0.468261,-0.20426348,-0.20604551,-1.4343592,0.7125428,-0.037512835,-0.04938512
0.44809937,-0.92106885,-1.0382577,0.5316127,-0.43065384,-0.41751152,0.7265693
-0.5647428,0.442429,0.03464098,-1.3362424,-0.6485911,-0.015760861,0.08217054
0.5565634,-0.79271436,-1.0736958,-0.14457273,0.11221683,0.08027371,0.7700507
-0.5093108,-0.13365325,-0.487262,-1.1730286,0.18718448,0.17649834,-0.30606413
0.38926795,-0.8805959,-0.92723453,0.609736,-0.19537726,-0.24466947,0.85901755
-0.53410673,0.42397344,0.08049005,-1.4039159,-0.31118667,0.084185205,0.16865802
0.49203348,-0.7729329,-0.8042032,-0.6715666,-0.1811803,0.25389344,0.8321341
-0.47229165,0.15506868,0.49309614,-1.3643364,-0.4295542,0.52862173,-0.12740399
0.48599848,-0.81514907,-1.0106018,-0.52627504,0.0440739,-0.042234246,0.8492975
-0.57589614,0.6119063,0.7546203,-0.79367137,0.42801452,-0.5141692,0.5568863
0.46130064,-0.8819407,-0.70111275,-0.5339582,0.3475577,-0.7521764,0.57896423
-0.66680497,-0.027892422,0.0641009,-1.2200443,-0.29452565,0.1272115,0.017899362
0.5982685,-0.90738803,-0.8528638,0.71810484,0.2204661,0.061278455,0.7438703
-0.53186023,-0.4152472,-0.5629736,-1.3171556,0.41445053,-0.27408108,-0.43487313
0.50100654,-0.8934586,-1.04327,0.6681582,-0.43731162,-0.097696625,0.70106983
-0.49862683,0.20640714,0.31577247,-1.395535,0.24225481,0.20320992,-0.06266354
0.62797433,-0.8100606,-1.0559059,-0.50204796,0.23439783,-0.48123455,0.95923764
-0.38566455,-0.05415383,-0.28719154,-1.3288726,-0.39691785,0.1784418,0.06300305
0.5102519,-0.7983033,-0.98919564,0.5151082,0.025579778,0.05124385,0.7896555
-0.46619147,0.13479927,-0.6592592,-1.3767499,-0.13527234,-0.19883807,-0.055415858
0.52169085,-0.87109387,-0.9789829,0.6197107,-0.63445705,0.07040944,0.67239165
-0.5842277,0.3632935,0.13846402,-1.3677131,-0.1270753,0.31832936,0.4519407
0.44927335,-0.79774326,-0.9142961,-0.54230475,0.5184209,0.060201332,0.71763724
-0.51896375,0.43744016,0.53455716,-1.3452214,-0.12817587,0.21982199,0.4586576
0.45578277,-0.76089495,-0.8823323,-0.44989955,0.19730122,-0.19510953,0.7686749
-0.5519954,0.29366216,0.26429614,-1.3445326,0.101692945,-0.14178619,0.21374403
0.53668547,-0.83634174,-0.7099513,-0.5089534,-0.067734174,-0.007425359,0.8582436
-0.38638648,-0.27573144,-0.2827298,-1.3618082,-0.08398776,-0.21992455,0.18338327
0.47330755,-0.9200685,-0.97247696,0.54564095,0.14724183,-0.25632802,0.8487938
-0.6785155,0.5179031,0.33441547,-1.409731,0.31892833,-0.13117509,0.41309115
0.7121104,-0.68168885,-1.156018,-0.6026676,0.2529419,0.40082636,0.6944186
-0.51426464,-0.2043253,-0.5390334,-1.3507067,-0.08277984,-0.24161711,-0.39567348
0.44418332,-0.8358296,-0.8120856,0.57400346,0.08256778,0.2564336,0.8798986
-0.5219678,0.36219114,0.50132626,-1.1915102,0.01125025,0.21827918,0.5532915
0.5785987,-0.7407827,-1.0084007,-0.7044289,0.22301853,-0.43889987,0.68139267
-0.5210931,0.25129926,0.5056364,-1.495042,0.09372817,0.16302852,0.5163058
0.5633565,-0.9140567,-0.84374046,-0.29775643,-0.20856035,0.07342183,0.72068644
-0.33416498,0.393716,0.3365742,-1.2059212,-0.55525935,0.26937082,0.14741395
0.32542986,-0.8165101,-1.0439541,-0.2685188,-0.35097978,-0.22205462,0.9064964
-0.49135688,-0.00069780485,-0.5936942,-1.2038661,-0.09598434,-0.46381694,-0.35853148
0.44272795,-0.8032169,-0.9294213,0.72088766,0.16356249,0.009103849,0.88263434
-0.5915584,0.53596455,0.21785094,-1.2507617,0.10171961,-0.2564866,-0.17410438
0.587364,-0.8171782,-0.998735,-0.5138039,0.38298258,-0.52912825,0.9323717
-0.5151302,0.059991725,-0.14420845,-1.310151,-0.060593113,0.057048928,0.072712846
0.53350276,-0.8739118,-0.9435984,0.43088412,-0.03565342,0.20349906,0.93032813
-0.60913885,0.2625416,-0.23551892,-1.421688,-0.11538023,0.29390934,0.15743645
0.56407833,-0.89189875,-0.97373646,0.5504401,0.098475166,-0.30304042,0.9884599
-0.367277,-0.12218556,-0.2650779,-1.2020035,-0.2815776,-0.44091955,-0.76010084
0.29113987,-0.8821762,-1.0639642,0.27803418,-0.37131846,-0.37650576,0.8616537
-0.5651722,0.30285946,0.40403423,-1.2130226,0.0039951224,0.48992202,0.35935867
0.5228262,-0.70564204,-0.8295487,-1.0757513,-0.37041065,0.8129261,0.60811657
-0.48187795,0.46395594,0.3004051,-1.4307158,-0.030563317,0.18414684,0.54260767
0.51458067,-0.8263827,-1.0343302,-0.4971755,0.13253583,-0.021488423,0.74893457
-0.52598804,-0.03988624,-0.20715773,-1.23274,0.023983339,-0.2593353,-0.027368575
0.46082374,-0.8686779,-0.9040123,0.47631282,0.087829664,0.09568581,0.8484705
-0.41845158,0.47889733,0.49338958,-1.3701773,-0.274428,0.20138226,0.25550276
0.4494427,-0.7225837,-0.7364219,-0.73829556,0.09421831,0.4409685,0.8756972
-0.65159845,0.5040377,0.1894754,-1.3968958,0.12554997,0.17528999,0.058333468
0.65201193,-0.76727843,-0.90855336,-0.43241084,0.41155344,0.359107,0.7237681
-0.62166774,-0.18394284,-0.47569096,-1.3469081,0.15238465,-0.45014867,-0.44669965
0.6298238,-0.8794611,-0.96594006,0.85860765,-0.060051598,-0.00055834185,0.7646207
-0.5553859,0.35392416,0.36467856,-1.4416537,-0.18466918,-0.34213397,-0.0952135
0.51131994,-0.7324619,-1.1103358,-0.65419227,0.045771662,-0.13619754,0.71122783
-0.5912055,-0.11522487,-0.41410345,-1.3123542,0.12890165,-0.06281235,-0.22918609
0.5822179,-0.86934507,-0.9717192,0.11525605,0.2196658,0.30355966,0.8218337
-0.5944132,-0.20582364,-0.35007638,-1.1102661,0.8810403,-0.1240183,-0.18580689
0.60749364,-0.8687883,-0.8238319,0.8002267,0.28318027,-0.08733893,0.88143444
-0.63915604,-0.01060243,-0.5030557,-1.3790519,-0.29126775,0.5360956,0.1567938
0.5272159,-0.88400275,-0.8961308,0.8017769,-0.013976153,-0.452387,0.8289399
-0.6184182,0.44695053,0.54682136,-1.3270547,0.119357616,-0.42712194,0.29662085
0.6266204,-0.70467275,-0.923889,-0.70848936,0.1643581,0.137326,0.704697
-0.4012787,0.61111856,0.21616888,-1.4022746,-0.20990837,0.32683998,0.6446618
0.4756522,-0.75417334,-0.8428276,-0.58299404,0.1513896,0.15957104,0.7941236
-0.63362765,-0.07994083,-0.33148232,-1.3050445,-0.12275522,-0.05464916,-0.24317823
0.5770763,-0.8005777,-1.0309565,0.45550182,0.08254298,-0.19516718,0.8034238
-0.116608724,0.4186172,1.0603124,-1.2739143,-0.18731555,0.3645185,0.045613077
0.37281564,-0.82548654,-0.69617486,-0.88879687,-0.10528903,0.6409813,0.94059545
-0.4754825,0.42065027,-0.21814293,-1.4779484,-0.5875803,0.09211622,0.23176907
0.5157564,-0.77043515,-1.0767671,0.33182907,0.3187909,0.13386595,0.917431
-0.51125324,0.22001505,0.17895715,-1.3840215,-0.35119492,0.09357006,-0.040804308
0.53913605,-0.8316046,-0.8518981,-0.6509149,-0.22595525,-0.047541432,0.8615529
-0.60948235,0.3584264,0.58605415,-1.2988511,-0.2706798,0.011737931,0.39708117
0.6402331,-0.7150061,-0.9066787,-0.89718145,-0.07925223,-0.25070217,0.8706844
-0.66787535,-0.049411237,-0.40571457,-1.3217839,-0.24321564,0.58311534,-0.48962164
0.64179033,-0.7925112,-0.766501,0.6866899,-0.035350624,0.07999314,0.90810096
-0.5412379,0.14708526,0.11854739,-1.3596088,-0.051785693,0.09514493,0.25497735
0.56299305,-0.84672713,-0.889277,-0.5141081,0.08258255,-0.666184,0.83420753
-0.33965656,0.57216924,0.32233033,-1.3744488,-0.08649423,-0.15189858,0.39585623
0.4403093,-0.6798424,-1.103091,-0.65447885,-0.1491217,-0.05928557,0.58559763
-0.70531076,0.67105263,0.19302478,-1.3879344,-0.1948033,-0.53876173,0.05677176
0.68208003,-0.63519436,-1.072988,-0.59483874,-0.08270846,-0.4109275,0.7918981
-0.62061334,0.3416295,0.30039024,-1.3075466,0.6396702,-0.12423832,0.30248037
0.5628225,-0.67887723,-1.1654773,-0.7426378,0.45717683,-0.18348058,0.68052024
-0.7342586,-0.42491856,-0.8334415,-1.1663125,0.9176183,-0.42084607,-0.41505864
0.6445222,-0.86449075,-0.9746099,1.098754,-0.65981007,-0.01419774,0.57886416
-0.44331297,-0.22751346,-0.53146476,-1.3246703,-0.0005547028,-0.18833531,-0.01139351
0.5105473,-0.87477,-0.81465113,0.3299974,0.3197406,-0.10866689,0.7739237
-0.54237634,0.17337897,0.02934601,-1.4748721,-0.5953187,0.1513525,0.32180104
0.5304253,-0.8718751,-0.9293927,-0.17437615,0.44554216,0.0627764,0.8183466
-0.5645658,-0.017831834,0.02614852,-1.3772963,0.47628766,-0.24186215,-0.04695181
0.5421008,-0.939202,-1.0861676,0.3407945,-0.31816745,0.02523905,0.85151833
-0.59240335,0.39215833,-0.1703867,-1.320803,-0.40498343,0.11658508,0.29696262
0.61565614,-0.8294918,-1.0757657,-0.11316297,-0.10744263,-0.3288616,0.9095983
-0.47796956,0.3535522,0.63037455,-1.1937072,-0.108709805,0.1297203,0.32797015
0.53314424,-0.83568823,-0.62640685,-0.87080735,-0.0140883215,-0.5894697,0.86860025
-0.5599368,0.46005672,0.5197943,-1.3083066,-0.105858505,0.122720316,-0.031209784
0.519807,-0.66468567,-0.96704066,-0.6689697,0.17758302,0.55842495,0.95063645
-0.5618372,-0.00772027,-0.5205673,-1.3113115,0.018378248,-0.043281965,-0.13421954
0.47960272,-0.85687184,-0.8770674,0.621342,0.15529202,0.20421405,0.8866325
-0.6663172,0.05563003,-0.06085654,-1.3043902,0.16996323,0.30930293,-0.13146733
0.60218334,-0.8234306,-0.91542274,0.60344315,0.29875252,0.30375358,0.77603954
-0.5595779,0.47768265,0.22781081,-1.2876283,-0.019377254,0.2314703,0.0642583
0.5502169,-0.7690869,-0.8623626,-0.5228252,-0.08619985,-0.08410138,0.957401
-0.54963446,0.031405434,-0.3961919,-1.2907553,0.46819758,0.2379841,0.046561915
0.5064343,-0.9253549,-0.695014,0.67770916,-0.40740132,-0.08788713,0.8108942
-0.612969,0.01180447,-0.194306,-1.4601952,-0.31495804,-0.121837705,0.16764084
0.44833004,-0.8550456,-0.8676452,0.6039439,-0.22895156,-0.20111309,0.7834754
-0.5495187,0.046414454,-0.62495357,-1.3715006,0.08411726,-0.35563228,-0.2821568
0.5251333,-0.8952779,-0.8760151,0.62346053,0.020230625,-0.56077665,0.9386264
-0.5277892,-0.25130725,-0.512374,-1.3068159,0.07701145,-0.16256979,-0.44679734
0.61027306,-0.8797725,-0.8849442,0.65634054,-0.05647978,0.2696759,0.7445158
-0.4646221,0.40121982,0.45431116,-1.410628,-0.23992795,0.44530147,0.13622038
0.43466038,-0.7435054,-0.83394134,-0.6029399,-0.1459198,0.32420442,0.70230806
-0.48585942,0.11367944,-0.5331467,-1.2046714,-0.2722973,-0.052318007,-0.31034935
0.5592592,-0.8298251,-0.9072977,0.49839118,0.0677173,-0.6000916,0.85703135
-0.4372579,-0.26241568,-0.35802314,-1.2795736,-0.045880407,0.34725252,-0.29406944
0.48914668,-0.94452906,-0.94818306,0.60099286,-0.12401204,-0.0031771588,0.79751474
-0.4359413,0.21103452,-0.56311834,-1.4808067,-0.13526043,-0.4981992,0.083516486
0.44778046,-0.78212005,-1.0224968,0.4021976,-0.20951208,-0.11607949,0.8576595
-0.52904856,-0.34469262,-0.15481076,-1.3454398,0.16923293,-0.102981016,-0.06245189
0.46672916,-0.90899336,-0.8392168,0.68921477,-0.31235763,-0.08304307,0.7358345
-0.60080224,0.3553036,0.6602464,-1.2141027,-0.13512935,-0.3960263,0.5273024
0.5806658,-0.74937004,-0.8674683,-0.59134334,-0.36556768,-0.40130404,0.70700175
-0.52197176,0.10151614,-0.38093996,-1.3441153,0.16725014,0.63157123,0.12054123
0.57855,-0.90996206,-1.0490294,0.41286284,0.1292069,-0.5266151,0.8285124
-0.4385008,0.33507317,0.48281074,-1.2454209,0.14095479,0.38128543,0.6967037
0.53234977,-0.85779124,-0.92782557,-0.926086,0.011553887,-0.018114116,0.70676917
-0.48517528,-0.09708393,-0.33204502,-1.3883638,0.28226402,0.17659932,-0.17951976
0.50082374,-0.8400675,-1.0074326,0.77059,0.4423784,0.14217246,0.6640171
-0.47120103,0.7025668,0.7167956,-1.0868998,-0.09073964,-0.16736393,-0.2524914
0.48840964,-0.63308555,-0.9945951,-0.8903584,0.021715986,0.27542678,0.8942598
-0.50460976,0.28449875,0.3320797,-1.2777758,0.1767995,-0.015779717,0.2715979
0.62193507,-0.82142526,-1.107514,-0.6354842,0.52369213,0.23534834,0.59368134
-0.4540264,-0.16773939,-0.14754494,-1.3918823,-0.045990307,-0.3882883,-0.1776119
0.40080038,-0.919385,-0.81494796,0.72925705,0.07723901,-0.30243465,0.6297951
-0.5125529,0.4685307,0.18590559,-1.2750294,-0.32670027,0.77955145,0.100997575
0.59507096,-0.7933613,-0.82618606,-0.49624106,-0.13302463,-0.048528887,0.7596575
-0.61216325,0.34145412,0.3966821,-1.3094085,-0.08752631,-0.04158251,0.34397078
0.5871669,-0.7993384,-0.8108071,-0.39082438,-0.10589017,-0.35233486,0.7636655
-0.53449506,0.026501462,-0.40502062,-1.2866418,0.021104204,0.46868458,0.052253693
0.49448824,-0.869133,-0.77351767,0.52487797,-0.06679804,-0.19008404,0.9357657
-0.5587607,0.39932102,0.6563826,-1.2377065,0.3373837,0.17094699,-0.059783354
0.439673,-0.7774569,-0.87202233,-0.68057394,-0.19507629,-0.35067677,0.74870944
-0.5329143,0.38053334,-0.08567772,-1.4674165,-0.33421525,-0.047905453,0.52080995
0.5400795,-0.8022073,-1.0320472,-0.5112957,0.47209743,-0.09823835,0.70327926
-0.45136106,0.49029893,0.46835274,-1.1669893,-0.39484218,0.103595115,0.1405336
0.49681303,-0.76279026,-1.0116031,-0.77540475,0.26863456,-0.45629326,0.7712374
-0.4797289,0.46333972,0.38675234,-1.2989753,-0.36957932,0.44093668,0.3621168
0.56245315,-0.81762624,-1.0533811,-0.589725,-0.21273206,-0.014785199,0.6443055
-0.62080306,0.38340604,0.8191302,-1.2745159,-0.31944633,0.55886704,0.6157207
0.5821614,-0.7049833,-0.62247866,-0.92407566,-0.10209223,-0.4089185,0.8521899
-0.3993195,0.5488281,0.38483843,-1.3087347,0.09653631,0.56830215,0.3839408
0.48649073,-0.7230761,-0.91247946,-0.7132261,-0.041112278,0.22512133,0.70018744
-0.5808882,0.22148435,-0.32331294,-1.271337,-0.29676187,0.03297683,-0.10399986
0.60287774,-0.8742981,-0.94093466,0.44038516,-0.1874084,0.14976285,0.8688014
-0.3152018,0.4664169,0.7201068,-1.0331244,-0.3824182,0.44750288,0.4818565
0.37861526,-0.831366,-0.9448468,-1.0449009,0.012910889,-0.4607563,0.69504625
-0.6451632,0.063171215,-0.40590706,-1.2744123,-0.15856789,0.21766947,0.26207533
0.53318894,-0.8846034,-1.060579,0.8046508,-0.2651732,-0.2781854,0.8055459
-0.55147433,0.19728737,-0.31448936,-1.0609171,-0.01149495,-0.31048045,-0.25371486
0.47738513,-0.88863325,-0.88200533,0.7114861,0.022237204,0.296452,0.866297
-0.60008794,-0.47145313,-0.51205873,-1.4070665,0.14368911,-0.12064581,-0.2887778
0.54582596,-0.9921431,-0.81585854,0.5247146,0.20514199,0.19917308,0.89445126
-0.5702383,0.067835815,-0.3004227,-1.4115199,0.1770376,-0.18385051,-0.0009690749
0.53771085,-0.8829829,-0.90447366,0.6460369,-0.045384828,0.029902982,0.96926063
-0.48299146,0.34117472,0.027462248,-1.3886245,0.13956219,-0.035213098,0.03704986
0.41788402,-0.8824198,-0.9499054,-0.50845027,0.34859633,-0.5927085,0.841879
-0.5327709,0.21326491,0.17182453,-1.280227,-0.045350857,0.061434772,-0.059251964
0.52230525,-0.7464106,-1.0437224,-0.33823246,0.18203406,-0.06244695,0.6840595
-0.6073913,-0.11072751,-0.28000113,-1.4552865,-0.12229033,0.1406093,-0.25463715
0.54182947,-0.8877718,-1.048602,0.4540097,-0.39836034,-0.4309811,0.7766241
-0.5911558,0.16688238,0.17808016,-1.4829296,-0.035155084,-0.14982627,-0.0040896307
0.53921014,-0.8384591,-1.1000751,-0.2690089,-0.27391782,-0.19338268,0.70423985
-0.6624107,-0.15766129,-0.075204775,-1.3725667,0.1886607,-0.5758664,0.03290201
0.6340333,-0.8142169,-0.87205255,0.37688628,0.2533133,0.64154565,0.7950623
-0.60615116,-0.2647089,-0.6848197,-1.2881794,-0.034857042,-0.14434303,0.14322801
0.5926779,-0.8772712,-0.8907236,0.63583493,0.14058796,-0.19705595,0.8377266
-0.514558,-0.28338593,-0.41884613,-1.3008102,0.05063972,-0.27395582,-0.19182336
0.4649263,-0.93971336,-0.92441237,0.7859312,-0.4037984,-0.03323767,0.87047976
-0.56888026,0.18987444,0.09582942,-1.3653618,-0.03415806,0.16091621,0.23146224
0.5418759,-0.82228696,-0.69750386,-0.5537025,-0.3318284,-0.389313,0.911972
-0.61613786,0.037955366,-0.40161794,-1.3715266,-0.10913948,0.12910582,-0.26704606
0.63679045,-0.87780607,-0.81289953,0.7711743,-0.06833152,-0.02229281,0.75769675
-0.6713564,0.12830281,0.4189302,-1.4547294,0.038219944,-0.1329659,0.25648564
0.60306185,-0.85244256,-0.93569887,-0.633781,-0.24593833,0.026591217,0.6937834
-0.5204504,0.53652674,0.16356313,-1.2909881,0.020495152,0.055060685,0.1316873
0.5724064,-0.7643108,-0.92853,-0.50280267,0.11755018,-0.030997166,0.8580869
-0.50004566,0.33312753,0.10919916,-1.3667465,-0.07365687,0.40690404,0.63866675
0.530826,-0.82533884,-0.9822408,-0.70089126,0.21504483,0.14037164,0.75722766
-0.41772047,0.021490928,-0.43247277,-1.3820548,-0.16044077,-0.031055572,0.18095885
0.49772236,-0.78735006,-0.89562434,0.68576926,-0.41977605,-0.121249214,0.88142884
-0.5509979,-0.16518658,-0.38616014,-1.3103038,0.017200327,-0.10206196,-0.43031517
0.59509087,-0.8829636,-0.9721339,0.6492471,-0.013978349,-0.07640482,0.79224056
-0.5805881,0.70125383,0.70177287,-1.2019752,0.033819236,0.57376534,0.8119928
0.6320312,-0.69983685,-0.9745154,-0.9888685,0.27274674,-0.6058211,0.90927404
-0.54277194,0.42728978,0.6564056,-1.0698249,-0.14946947,0.02988346,0.5296627
0.5774337,-0.7824619,-0.975044,-0.72508067,-0.11965029,-0.027707687,0.7106928
-0.6318799,-0.17795959,-0.55255795,-1.2644994,-0.6232718,-0.47416565,-0.28329483
0.6534495,-0.77942395,-1.0136352,0.81119055,-0.14527142,-0.05198089,0.6747983
-0.52303946,0.029527212,-0.3313733,-1.412151,1.1928921,-0.054294616,-0.009439382
0.5481739,-0.9085791,-1.0267148,0.5907042,0.27936587,-0.19240554,0.6788018
-0.38755316,0.3161456,0.1336694,-1.4391145,0.030739075,-0.29106593,0.5374559
0.5312364,-0.78388846,-1.0974267,-0.5283293,-0.4794496,0.05877334,0.6315471
-0.47807163,0.37608114,0.28303638,-1.4052049,0.16925448,-0.05801171,0.59845906
0.4986041,-0.7775294,-1.1016936,-0.6011722,0.12932625,-0.048444193,0.67615205
-0.5648914,0.36855635,0.42594287,-1.3187515,-0.7287084,0.0014797284,0.042271186
0.5596983,-0.79125845,-1.0937101,-0.82714826,0.09399665,-0.35565165,0.7483985
-0.56214076,0.21179277,-0.24882576,-1.4562185,-0.06975757,-0.23950599,0.08518008
0.5495826,-0.84239316,-1.036729,0.52429193,0.44301504,-0.21635818,0.71707153
-0.6023915,0.14348401,-0.28094113,-1.2208552,0.48690918,-0.032408617,-0.08087858
0.539663,-0.83167547,-0.89323306,0.5939379,0.23107427,-0.061053444,0.81639355
-0.64309925,0.22272708,-0.3333562,-1.4427131,-0.39874545,-0.16238613,0.008930977
0.65509427,-0.80255973,-1.1328831,0.20295838,-0.7908008,-0.11172896,0.85862786
-0.58283234,0.22910796,0.43796256,-1.2403305,0.092447236,0.03397055,0.05049218
0.6091202,-0.78338695,-0.9198167,-0.31298128,0.1468612,-0.096804015,0.7814017
-0.48158678,-0.0024605864,-0.47778022,-1.3364075,-0.23761529,0.32235822,-0.6324507
0.45883012,-0.8633099,-1.0005326,0.70211196,-0.08569367,0.022819765,0.8244446
-0.4923693,0.3978337,0.3919748,-1.2958528,-0.3841458,0.65250915,0.48409027
0.44665247,-0.77024853,-0.81695056,-0.6222715,0.09329032,-0.10245905,0.88774765
-0.6181747,0.49743634,0.5425808,-1.3059558,0.03284977,0.070362225,-0.047857076
0.6663722,-0.6519954,-1.0064963,-0.48669904,0.09483321,0.69422823,0.7579114
-0.55925614,0.53329074,0.37370443,-1.2902514,-0.32447612,0.09027368,0.517268
0.5593002,-0.8241713,-0.9766843,-0.59549254,0.35731563,-0.1625403,0.762565
-0.5958469,0.3274917,0.25879312,-1.3155935,0.007711499,0.15150307,0.14530148
0.60798955,-0.74708647,-0.73650455,-0.6098952,0.24041986,0.28141457,0.7504689
-0.51593447,0.02490702,-0.5493646,-1.2853624,-0.08978778,0.15507025,-0.17482403
0.41288686,-0.93095666,-0.9358341,0.78798705,-0.35724366,-0.0068735722,0.7614105
-0.58860993,0.30728215,0.37451425,-1.3033643,0.23198101,-0.33452147,0.5035784
0.6525838,-0.7991461,-0.8691074,-0.6290394,-0.038372967,0.04105715,0.7233697
-0.568938,-0.045945123,-0.35027784,-1.1833454,0.44343102,0.17233564,-0.13562611
0.48913682,-0.9249383,-0.9107897,0.35090137,-0.3805853,-0.26432765,0.81783766
-0.5820122,0.29173097,0.06315144,-1.3976157,-0.36329067,0.1857524,0.15832716
0.60936415,-0.78728145,-0.97820055,-0.49940223,0.20609684,-0.22842038,0.6856725
-0.43954423,0.45170036,-0.4853196,-1.2265096,-0.22213382,-0.20460857,0.19405192
0.5171606,-0.91073227,-0.78837764,0.75146025,0.1999601,-0.2597937,0.9693266
-0.522893,-0.3769193,-0.46539092,-1.1539671,-0.19763047,-0.1331996,-0.22979553
0.5834723,-0.8996374,-0.9039237,0.5889731,-0.23137954,-0.3674362,0.8536306
-0.61933345,0.048124496,0.16777432,-1.366095,-0.5657352,0.16241048,0.3309074
0.5696753,-0.757395,-0.7397677,0.39806992,0.54424775,0.7462182,0.7437862
-0.52979887,-0.44163284,-0.19213659,-1.3758157,-0.2594166,-0.12359689,-0.08322463
0.47467074,-0.8214484,-0.86391896,0.79374367,-0.13302073,0.04476807,0.8296528
-0.7292022,0.35978818,-0.42467996,-1.4867008,-0.03804442,-0.046407595,0.30704832
0.63880783,-0.7662775,-1.1274736,0.53994924,0.5159816,-0.093666464,0.71082276
-0.33997878,0.4537645,0.20679143,-1.2672223,0.32646397,0.046971407,0.21469252
0.4573795,-0.7676509,-0.75873977,-0.68342716,0.36666575,-0.43819967,0.84932953
-0.56018585,0.36287817,0.13437697,-1.4982942,-0.20693247,0.24578364,0.1737326
0.6120021,-0.74407226,-1.0858752,-0.38878533,0.24520512,-0.0015279024,0.8233805
-0.7129464,0.28848594,0.27457187,-1.4964572,-0.05406553,-0.25723436,-0.11945489
0.4939289,-0.8187996,-1.0199924,-0.48573795,-0.043488912,0.022549102,0.8782936
-0.6298903,0.136693,-0.30198824,-1.438852,0.097692035,0.04022241,-0.01456896
0.5775173,-0.94550407,-0.9940126,0.28969756,-0.26669756,0.13120158,0.71344066
-0.6313335,0.008330898,-0.44570884,-1.2990794,-0.113452055,0.3334071,-0.20007205
0.5232857,-0.84018207,-0.92420685,0.5998285,0.043192107,-0.5714756,0.718102
-0.50573957,0.23848605,0.4148325,-1.3180453,-0.035240486,0.59977555,-0.17476943
0.5501994,-0.8783335,-0.91138095,-0.63950247,-0.15703794,-0.75210196,1.0069668
-0.60411984,-0.0009017104,-0.057010006,-1.4487387,0.14649944,-0.006915742,-0.05079816
0.5874183,-0.8512991,-1.0406013,0.2892762,0.05873139,-0.36975178,0.95333296
-0.60475206,-0.12998803,-0.4018537,-1.4567991,0.1534204,-0.05905711,-0.2969235
0.605896,-0.86587614,-1.0242443,0.57117945,-0.35916886,0.04477968,0.64000946
-0.5816175,0.50334936,0.3726252,-1.3071165,-0.24194324,0.113618545,0.47089
0.5191435,-0.79070437,-0.81436753,-0.63778734,0.1476361,-0.09647636,0.89185435
-0.4834363,0.46701413,-0.57301426,-1.2636572,-0.011389844,0.3138121,0.15575032
0.4775029,-0.7686679,-0.8313742,-0.6829879,0.5050624,-0.1384679,0.8787478
-0.73602146,-0.5518932,-0.75114566,-1.1515301,0.23575597,-0.8505634,-1.1644262
0.72124636,-0.66478026,-0.98518276,1.0556041,0.62196976,-0.03127963,0.547578
-0.62593806,-0.05482608,-0.5065585,-1.3269413,0.09126669,0.058526073,-0.007893835
0.61616725,-0.77866197,-0.98842674,0.59973013,0.35518315,0.07832721,0.78562254
-0.6135202,-0.5852521,-0.73651826,-1.1374431,1.3710928,-0.077392906,-0.7383786
0.60912,-0.8201967,-0.92929995,1.0310112,0.6036947,0.07254877,0.71565926
-0.64927924,-0.072015084,-0.33853784,-1.4426881,0.6998288,-0.09004469,0.072434925
0.57833225,-0.81068945,-1.1110762,0.35800028,0.2700961,0.47149673,0.8414801
-0.4875008,0.36368975,0.26434037,-1.3161867,-0.24179988,0.014459444,0.06950542
0.5060471,-0.8682031,-1.0500809,-0.52321374,0.027996855,-0.21287286,0.72310865
-0.50871813,0.23511831,0.4349143,-1.29717,0.15777303,-0.3296962,0.47683984
0.50235647,-0.80159754,-0.85047394,-0.6891373,0.2232608,-0.23689616,0.6500004
-0.67641956,0.34820673,-0.21495038,-1.5597733,-0.07853655,0.26564872,0.13428389
0.617568,-0.74258924,-1.1827977,0.19521843,0.29571906,0.19853207,0.77428746
-0.57734936,0.038755078,0.052010242,-1.5329415,-0.1810755,-0.42516539,-0.013408461
0.5673864,-0.83194244,-1.0094569,-0.4841394,-0.30022836,-0.17924103,0.81626815
-0.48652795,0.019496186,-0.016469257,-1.3443557,0.05994154,0.055382624,-0.06815067
0.5046841,-0.8407004,-0.7771946,0.4775396,0.099156745,-0.11476852,0.92443836
-0.3541643,0.42195526,0.17017792,-1.3435063,-0.20215026,0.46009833,0.53376967
0.40354925,-0.8513691,-0.9325251,-0.42240447,0.13492042,-0.32348394,0.8193977
-0.58922476,0.30034128,-0.17050576,-1.3225129,-0.28296125,-0.06614602,0.07426331
0.5658252,-0.88468635,-0.86186236,0.17065354,-0.0010017577,-0.13764884,0.8530103
-0.5802311,-0.093284264,-0.50084054,-0.89759475,-0.36006263,-0.10606161,-0.464805
0.3351001,-0.892421,-0.8083887,0.51355225,-0.27766123,-0.059454586,0.75360477
-0.540339,-0.27077186,-0.22541752,-1.3802949,0.22683686,-0.053684313,-0.18220131
0.4384321,-0.82397056,-0.9146131,0.7360189,0.17490032,-0.35562342,0.8525133
-0.5434182,0.27112964,0.12087543,-1.281117,0.0754728,-0.10595873,0.32629597
0.49309745,-0.87272376,-0.7030594,-0.7685643,0.44432506,-0.32880548,0.74892586
-0.6360368,-0.123613246,-0.51918066,-1.3938655,-0.17191806,-0.27093402,0.23702489
0.5801197,-0.8626814,-1.1274197,0.5864743,-0.3110496,0.062452093,0.7217314
-0.5285467,0.012616878,-0.053465165,-1.2674819,-0.042915687,-0.18772537,-0.2563772
0.4780119,-0.86954105,-0.94454175,0.54956895,-0.13559037,0.039122906,0.83445174
-0.58085907,0.5205315,0.28378347,-1.4091936,-0.34416032,0.40981597,0.5049881
0.6395296,-0.6638044,-1.0692842,-0.43497953,0.0029994948,0.46163633,0.6749996
-0.41482154,0.35404664,0.25129268,-1.2894946,-0.59664375,0.35120228,-0.1325668
0.5594655,-0.8414543,-0.895703,-0.4610674,-0.17021772,-0.20969859,1.0102667
-0.529143,-0.058675993,-0.62261456,-1.1986878,0.059914082,0.072444685,0.24126676
0.4377411,-0.9339935,-0.84855646,0.9243185,-0.042737734,-0.061077088,0.8667093
-0.500639,0.38085148,0.37741184,-1.3018713,-0.72676814,-0.042451654,0.16802615
0.52435744,-0.8181239,-0.96932113,-0.4637413,0.59575033,-0.027684415,0.8861553
-0.61714363,0.44067904,0.4999125,-1.2711577,-0.023854246,-0.48568115,0.23508024
0.57824975,-0.7317461,-0.9233732,-0.89135575,0.10970385,-0.36385748,0.719883
-0.54333436,-0.044981267,-0.16406606,-1.3921165,-0.13033351,-0.02602165,-0.43490678
0.5123874,-0.83064115,-0.8929019,0.5395986,0.19361348,0.15801276,0.8783399
-0.53331566,0.415842,0.19259645,-1.4372003,0.14905535,0.21530856,0.17612419
0.54996914,-0.8917784,-1.1025838,-0.15046124,0.11840022,-0.05795604,0.73496574
-0.45454186,-0.3589455,-0.64607906,-1.2158015,0.039941948,0.0668276,-0.65013784
0.40315557,-0.71574533,-0.8432144,0.9641209,0.18200976,0.12945613,0.71770656
-0.6080745,0.19414659,0.2982602,-1.3383696,-0.19652654,0.28379765,0.16830452
0.58195585,-0.7984564,-1.0998747,-0.55793685,-0.15267517,-0.15450384,0.7647006
-0.56735003,-0.018107617,-0.38665295,-1.1738464,0.19331446,0.5486141,-0.011512355
0.50842863,-0.93234694,-1.0733125,0.3582317,-0.53246325,0.038343612,0.78812677
-0.5350338,0.27336937,0.2976092,-1.3173741,-0.0013315263,0.18019162,-0.1439571
0.5663246,-0.83402216,-0.95734864,-0.43537632,0.34383497,0.0002578526,0.7812635
-0.47413668,0.22569929,0.5301676,-1.4255186,0.5423083,-0.11551503,-0.04825366
0.46853137,-0.90221786,-0.7788624,-0.47260013,0.6126777,-0.33705366,0.7645999
-0.56375587,0.2913217,0.07594542,-1.4482727,-0.22273806,0.692198,-0.0055260453
0.6255197,-0.79441553,-0.70246774,-0.5693019,0.2681798,0.5454671,0.9488484
-0.5890406,0.3595114,-0.039634757,-1.399207,-0.6657419,0.2469931,0.011008127
0.5461509,-0.78267497,-1.0851923,-0.44659597,0.348303,0.5501283,0.79169905
-0.41083273,0.37332714,0.09009609,-1.1565522,-0.04946235,0.069179885,0.4694109
0.4581572,-0.86477864,-0.9058915,-0.41684318,0.5941121,0.073918514,0.78878814
-0.42144504,0.094412945,0.3797934,-1.4359086,-0.10055304,0.95439714,-0.02717256
0.45809484,-0.9522831,-0.93531525,-0.5853853,0.033127088,0.21345113,0.9011198
-0.56935924,0.09607546,0.0016197549,-1.3876411,0.25239927,0.4904914,0.42807016
0.60409343,-0.8935425,-0.7461423,-0.50126344,-0.17030832,0.250821,0.83580124
-0.56672335,0.42370918,0.3164043,-1.2789696,-0.3602972,-0.32653385,-0.028617837
0.6143463,-0.7018312,-0.9260364,-0.5781492,0.097624704,0.36877838,0.8265297
-0.39862144,-0.30928797,-0.38062248,-1.3256512,0.11794938,-0.073972814,0.29175326
0.33985874,-0.9001851,-0.9955715,0.38720468,0.024627764,-0.15393686,0.8861951
-0.5165262,-0.15410043,-0.6075208,-1.3640378,0.10269624,0.30364034,-0.43234867
0.36806116,-0.90325564,-0.9518358,0.35164216,-0.29630938,-0.08457701,0.79305875
-0.30496594,0.45727462,0.34470758,-1.3078437,-0.30497235,0.2595396,-0.027535765
0.57250905,-0.7853795,-0.97326845,-0.63296866,-0.105849616,0.087900676,0.8069329
-0.49764705,0.20746721,-0.04793989,-1.2583073,-0.17668493,0.084964216,-0.08457087
0.52406245,-0.8392513,-1.0259755,-0.7287027,0.2266594,0.21284555,0.79399645
-0.49683315,0.43191013,0.0033412757,-1.3662537,-0.076164745,0.6196905,0.28577277
0.58730716,-0.704062,-0.8747307,-0.3796457,-0.26612285,0.07077866,0.8944971
-0.49831298,0.18571159,0.0837649,-1.4288924,-0.019558487,0.36368662,0.02052906
0.49265665,-0.99253047,-0.8236898,-0.44692224,0.36766076,-0.685502,0.9937756
-0.42015186,0.3007153,-0.22370566,-1.4864296,-0.22500041,0.38536778,0.01085639
0.477647,-0.7515414,-0.8302938,-0.48803222,0.37462068,-0.5683053,0.76389885
-0.70625466,0.26017612,0.5566217,-1.4412144,0.028377749,0.10857729,0.5704707
0.69283515,-0.7253742,-0.96968144,-0.66692746,-0.19885626,0.4910732,0.66707635
-0.56244946,0.44601074,-0.008554853,-1.4319326,0.20070101,0.17561753,0.33256018
0.544794,-0.777045,-0.86769,-0.40155002,0.33349487,0.13825895,0.7712354
-0.41018206,-0.22045173,0.054126978,-1.3550925,0.21050446,-0.04948132,-0.20964865
0.2829345,-0.8525987,-0.85878104,0.65431917,-0.3808288,-0.17664714,0.7876964
-0.63562465,0.35103473,0.1095542,-1.4100276,-0.32604635,0.14523989,0.032291856
0.5916999,-0.760943,-1.0630664,-0.6129771,-0.25204262,0.07911,0.8129754
-0.43103832,-0.13022712,-0.302375,-1.2983041,0.6305101,-0.09802615,-0.30033788
0.56171536,-0.9282923,-0.85602075,0.66983986,-0.100052215,-0.0033881972,0.8138068
-0.52932054,-0.18974395,-0.58739847,-1.1346345,-0.5950487,-0.21415007,-0.07529736
0.5366221,-0.8059797,-0.86642355,0.78499454,-0.026911672,-0.47930184,0.8192729
-0.42432976,-0.007820963,-0.3795005,-1.3443701,-0.044701207,-0.1925375,-0.12120536
0.4161325,-0.8854027,-0.8948697,0.6457965,-0.31121626,0.051979188,0.8153077
-0.4607729,0.3423827,0.3399332,-1.1302199,-0.43398577,0.06298834,-0.013820605
0.44554588,-0.80591357,-0.93497765,-0.78701955,-0.29564893,0.0142502105,0.894385
-0.50286925,-0.04658323,-0.29817158,-1.3918562,0.0131446915,-0.19218567,0.08215236
0.53797275,-0.8612478,-0.9433462,0.62441516,0.115524404,-0.06564772,0.88626045
-0.5320692,-0.014329525,-0.45628065,-1.1458602,0.24845922,0.061093047,-0.27737355
0.48005483,-0.95879936,-0.99301594,0.68186367,0.20981084,0.123409875,0.8145435
-0.45868474,0.44978338,0.33389476,-1.3626726,0.12177838,0.8091679,0.06105685
0.4444938,-0.77292377,-0.83053476,-0.6643741,-0.0388232,0.09067592,0.8629926
-0.6368432,-0.16118221,-0.39779106,-1.2863309,-0.07749759,-0.6532737,-0.29927248
0.6149898,-0.8318159,-1.1487235,0.48457712,-0.0403955,0.3516881,0.5808101
-0.62782264,0.3506718,0.12927493,-1.3431939,0.0070535764,-0.3094723,0.18951932
0.7061407,-0.72738063,-0.9725354,-0.20177816,-0.29796433,-0.47557402,0.79848254
-0.56281173,0.19569065,-0.22126453,-1.457764,0.36672,-0.033252835,-0.2005275
0.52928704,-0.80803615,-1.1197761,0.5382265,0.33916286,0.3155121,0.83480555
-0.5359494,0.1471692,-0.37559137,-1.3430524,0.5284725,0.65027076,-0.21415646
0.53740543,-0.86433125,-0.9306423,0.79027027,0.37174585,-0.11045965,0.8600694
-0.60964346,0.02902515,-0.2890201,-1.2868817,0.15540075,0.41084027,-0.10861113
0.51096094,-0.85418093,-1.1119393,0.23155206,0.0680058,-0.7255502,0.891679
-0.47862145,-0.29512382,-0.37519512,-1.1663259,0.0051018703,-0.3586273,-0.41055828
0.47777972,-0.83134604,-0.90989316,0.77327025,0.07884426,0.53445786,0.8635125
-0.64743847,0.6681966,0.7510017,-1.0836034,-0.030676935,-0.4290826,0.34251997
0.66348016,-0.64045674,-0.9005378,-1.0090646,0.36225054,0.31523502,0.74680245
-0.6853056,0.30402574,0.51519084,-1.4093269,0.00980803,0.20173572,0.07241539
0.51690745,-0.77596134,-0.9282944,-0.7172613,0.5397667,-0.448391,0.8350615
-0.48764718,-0.091311194,-0.03742456,-1.3728322,0.0376022,-0.10380833,0.17596042
0.48965392,-0.9383391,-0.88113636,0.7170924,-0.071596004,0.13345897,0.922795
-0.54599506,0.4153073,0.36024168,-1.3325721,-0.19515541,-0.18019924,0.48356065
0.5450465,-0.7903806,-0.753798,-0.60757273,-0.19227274,-0.01891422,0.69661343
-0.4426684,-0.2727766,-0.5342054,-1.3419656,-0.084402226,0.13539383,-0.16688012
0.49108058,-0.9024368,-0.79812,0.7498078,0.07802045,-0.3740985,0.9021685
-0.6291931,-0.50670147,-0.6839197,-1.1494823,-0.23917763,0.028196793,-0.5251182
0.5127917,-0.756536,-0.9290793,1.0020479,-0.42764688,-0.1374993,0.8674136
-0.4495028,0.17654268,0.22788662,-1.3897667,0.2004522,0.7976472,0.351598
0.5255218,-0.8573211,-1.0350581,-0.39349037,0.24015044,0.17300037,0.7848958
-0.4837578,-0.19014335,-0.15695783,-1.3843749,-0.21839012,-0.37557423,-0.31268087
0.48981297,-0.85003906,-0.9549091,0.6825582,-0.090366706,0.026369039,0.8204836
-0.66425365,-0.101011805,-0.33076283,-1.4441644,0.0665818,0.18806633,-0.25615668
0.60121137,-0.8429409,-1.0628784,0.47402278,-0.037449352,-0.007912434,0.89606047
-0.43439522,0.037581075,-0.37338588,-1.2949861,-0.008353412,-0.10355605,0.17119916
0.41300932,-0.902705,-0.7095533,0.39637187,-0.20891522,-0.2034252,0.9658833
-0.5082425,-0.24287167,-0.32568935,-1.167113,-0.043640275,-0.1098099,-0.18808876
0.40738702,-0.85158366,-0.6833932,0.8147255,0.22275677,-0.026193047,0.94601625
-0.5566096,0.3507854,0.40025896,-1.3455297,0.10193253,-0.043623153,0.27632377
0.61563015,-0.7912333,-1.0689672,-0.07030089,-0.18316732,-0.05623138,0.82312644
-0.74056834,-0.22339484,-0.54154146,-1.3018688,-0.35760462,-0.31005284,-0.46178117
0.6942951,-0.71305186,-1.0951623,0.7708323,0.4613674,-0.17479667,0.78261495
-0.58236265,-0.09664719,-0.49435073,-1.3123394,-0.33726653,-0.42572802,0.16524501
0.5727026,-0.83137286,-1.0103104,0.794921,-0.14654978,-0.035534848,0.76178646
-0.4946918,0.07664442,-0.54411304,-1.3020772,-0.41867077,0.070102245,0.14186262
0.5000563,-0.8613228,-0.8792657,0.7599733,-0.11676821,0.14472015,0.83706856
-0.38047642,0.16302845,-0.4771366,-1.3293195,0.008233175,-0.027266866,-0.2195799
0.38062876,-0.7993579,-1.0057621,0.6333051,0.036651332,0.142909,0.791922
-0.45242602,0.30834728,0.13241202,-1.3065755,0.037839778,-0.8696338,0.35176042
0.4229727,-0.7845219,-0.9920993,-0.6560288,-0.040299587,-0.12309595,0.75977623
-0.56519127,0.533926,0.5084755,-1.1811352,0.0433173,-0.081938215,0.40379056
0.5746227,-0.8366667,-0.82882184,-0.92231923,-0.11002092,0.16497175,0.81720495
-0.38698784,0.16717695,-0.7229061,-1.3120733,-0.03453777,0.03102887,0.08035463
0.40687126,-0.9020572,-0.55982316,0.858766,0.2929847,-0.1062662,0.8846665
-0.68421966,-0.11520441,-0.64138037,-1.262556,0.15111922,-0.16696994,-0.5718243
0.6360245,-0.83670133,-0.9581176,0.977205,-0.121104226,-0.22625142,0.8295533
-0.5522347,0.2848821,-0.028756035,-1.3950258,-0.148865,0.36830553,0.064039186
0.56530344,-0.8418632,-0.8589709,0.47736305,-0.061270848,-0.01497128,0.867663
-0.57092977,-0.14394866,-0.28318167,-1.4651401,-0.052947056,-0.07904636,-0.3298266
0.554549,-0.8651908,-1.0202799,0.54569584,0.0597829,-0.09259492,0.81904113
-0.44015673,0.5088089,0.20472704,-1.3858393,-0.30879286,-0.26789925,0.48254135
0.4208858,-0.68947345,-0.9389379,-0.31511214,0.29104707,-0.30820438,0.67476374
-0.6422075,-0.18870756,-0.25438365,-1.2129058,-0.1637759,-0.08661693,-0.6344616
0.50236183,-0.8900835,-0.7971466,0.49594283,0.16271347,0.13872303,0.90072817
-0.63870376,0.07321135,-0.34572968,-1.1982396,0.33851603,0.107094534,-0.13156748
0.6709133,-0.84896135,-0.770889,0.77880603,-0.10419308,0.08699542,0.90110487
-0.52911437,-0.08647521,-0.43456393,-1.3853195,0.21632968,-0.10779223,-0.17879398
0.55615324,-0.8556762,-1.110197,0.54471534,-0.11580698,-0.1034578,0.57922447
-0.49210688,0.046381164,-0.36943963,-1.371684,-0.24861585,0.31651798,-0.030034598
0.5328133,-0.9050808,-0.9843713,0.5534216,0.11168337,-0.5354574,0.941914
-0.5736441,0.29191273,-0.20414197,-1.3281162,-0.19755223,0.06776053,-0.113507114
0.664126,-0.7570107,-0.92526907,0.71300185,0.3546591,-0.24814853,0.82171905
-0.45084918,-0.10751399,-0.2971253,-1.1907507,-0.06277941,-0.079397544,-0.033154964
0.3853573,-0.8398484,-0.8903136,0.6882121,-0.46525365,0.21515846,0.8800026
-0.51089686,0.28931147,0.6754053,-1.1466385,-0.07797765,0.1355232,0.24715652
0.5832999,-0.8335256,-0.87255186,-0.34277415,0.25935078,0.09812756,0.7014418
-0.62320095,-0.20889723,-0.5275891,-1.406669,0.10572272,-0.60218674,-0.12262179
0.59805864,-0.78046656,-1.0659264,0.7296817,-0.05169845,-0.078233324,0.66465557
-0.46222785,0.21094418,0.35495833,-1.4250329,-0.09731628,0.016103392,0.81811357
0.41531712,-0.95684123,-1.0521262,-0.61275053,0.28867224,-0.033815462,0.68930054
-0.51516324,0.28497443,0.07329714,-1.4649081,0.027188322,-0.19375293,-0.23039135
0.57922196,-0.80529994,-1.1273988,-0.35268563,0.5194699,-0.20466416,0.8035708
-0.34805065,0.22342983,0.15374717,-1.4715462,-0.08028443,-0.19236074,0.111003205
0.43895698,-0.9353603,-1.0310715,-0.41681382,-0.0056082457,-0.07822961,0.7612348
-0.58373576,0.124813795,0.02062231,-1.4938543,-0.37401327,-0.22592366,0.059229184
0.6464882,-0.82764107,-1.0316855,-0.5458126,0.17609163,-0.39037207,0.83565366
-0.6108129,0.3231839,0.30072582,-1.13033,-0.0587848,0.34945485,0.12295716
0.615059,-0.8129512,-1.0801687,-0.41379297,0.13252456,-0.07633731,0.91695213
-0.4998525,-0.025375176,-0.53345066,-1.3181515,-0.14686668,-0.18443261,-0.08349936
0.49051282,-0.91795987,-0.98580855,0.8183251,-0.098760724,-0.7918956,0.71659976
-0.53785276,0.545941,0.48337296,-1.2508669,0.025896007,0.22110057,0.3991112
0.37777236,-0.8386383,-0.7770273,-0.78294307,0.6393975,-0.24486232,0.7851588
-0.4745293,0.40661147,0.25129995,-1.2599092,0.12177994,-0.13143985,0.0718427
0.54366213,-0.67146176,-0.90220016,-0.72492886,0.33027354,-0.6085169,0.86995804
-0.52532166,0.44596878,0.36061674,-1.4199617,-0.5607639,-0.4575709,0.6388893
0.48652202,-0.7349874,-0.85478216,-0.7075712,0.109709136,-0.092892185,0.6435378
-0.4881349,0.385188,0.23992029,-1.2414582,0.12713827,0.39812484,0.17858443
0.55108005,-0.8139544,-0.88833237,-0.49420252,-0.14276591,0.4597968,0.86677974
-0.49970534,-0.055897616,-0.23191467,-1.2701887,-0.16196585,-0.31673154,-0.28354406
0.48799816,-0.7980606,-0.8223559,0.759896,-0.29443416,-0.27494285,0.84336376
-0.5812896,0.13662829,-0.27787796,-1.1791273,-0.052154433,0.15558334,-0.23847924
0.5034171,-0.8394917,-0.754187,0.55627054,0.20402971,-0.25372982,0.9197991
-0.63539445,0.28136995,-0.62200534,-1.2670677,-0.47918993,-0.49359718,-0.009462738
0.63689977,-0.76393443,-1.0272081,0.6466317,0.6373465,0.17757583,0.6718554
-0.667501,-0.23333594,-0.33551043,-1.4024569,0.5154645,-0.024673086,-0.2548032
0.6521356,-0.81157404,-1.1213242,0.5068676,0.4254711,0.17842239,0.8581673
-0.50474256,0.6514667,0.41406995,-1.1330056,-0.025188023,-0.19135961,0.13347057
0.5223856,-0.7213285,-0.83690184,-0.7311474,0.21313572,-0.634392,0.91084284
-0.62289596,0.15610409,-0.1679458,-1.3227955,-0.40744334,-0.14791362,-0.28431943
0.599583,-0.85861903,-0.9692368,0.67753637,-0.61196864,-0.21508962,0.67184174
-0.53711265,0.13680342,0.076933056,-1.3924366,-0.25599155,-0.28704128,-0.071130425
0.6304923,-0.9488049,-1.1255753,-0.2946713,0.1005289,-0.019532217,0.758974
-0.41165107,0.32890537,0.121178605,-1.4204682,-0.47623423,0.27026087,0.6051673
0.43719426,-0.83857715,-1.0305333,-0.16837755,-0.41522545,0.017343862,0.7735394
-0.6813229,-0.003634477,-0.42306343,-1.3020127,0.11153323,-0.11765905,0.12058083
0.6287509,-0.7928167,-1.0138144,0.64140224,0.12637162,-0.38102028,0.8022893
-0.56276286,0.3147509,0.1030328,-1.4918478,-0.48346117,0.2801128,0.29068944
0.56910765,-0.8601315,-1.0998228,-0.16225062,0.2895212,-0.22022621,0.85153824
-0.52968735,-0.0047785584,0.037734304,-1.5594121,-0.02698814,-0.14516655,-0.030327426
0.57939935,-0.8162379,-1.0572219,-0.037177313,-0.135738,0.12467424,0.8315996
-0.57663983,-0.0010295064,-0.37853065,-1.2092575,-0.0261879,-0.031002028,-0.28584602
0.55551237,-0.90476793,-0.9971811,0.36318806,-0.35727945,0.15814699,0.8179224
-0.44877988,0.4433072,0.12215963,-1.4494313,-0.24448313,0.02654058,0.12613896
0.4713382,-0.87111235,-0.78348535,-0.44421846,0.2051382,-0.24577545,0.92680997
-0.6313809,0.5092149,0.12918247,-1.5094514,-0.013755318,0.04585186,0.460375
0.59776115,-0.6917973,-1.0127851,-0.5056617,0.18900162,-0.23170897,0.6689176
-0.38900357,-0.0050080945,-0.2859422,-1.402861,1.0225902,-0.14254661,-0.55193585
0.37098557,-0.8892803,-1.0750676,0.51568943,-0.8269318,-0.24214573,0.81243193
-0.59257054,0.5668771,0.32141438,-1.0665534,0.018192377,-0.18141307,0.27894002
0.647906,-0.67492986,-1.0046439,-0.37423345,0.0070456867,-0.1793361,0.75500286
-0.5589006,-0.08655576,-0.20636316,-1.3468946,-0.17029622,0.2176609,-0.1414408
0.5979797,-0.9251064,-1.0606997,0.03367243,0.371745,0.13271046,0.8560703
-0.6900658,0.31111306,-0.85646915,-1.1905776,-0.48667088,-0.18658024,-0.63664323
0.7066361,-0.84873873,-0.7989276,1.079834,-0.14240618,-0.34250185,0.7331545
-0.6416176,-0.3336526,-0.78783023,-0.9539954,0.09056562,0.08640343,0.032097004
0.65605485,-0.82707846,-0.82471186,0.8977443,0.15512094,0.26329988,0.7264497
-0.52965355,0.09780905,-0.41526487,-1.3688735,0.19960573,0.19533175,-0.15848532
0.5649683,-0.8534677,-0.8871423,0.7656146,-0.14874391,0.21061482,0.7614378
-0.529603,-0.038968343,-0.47406912,-1.3648484,0.21855478,-0.23026371,-0.19709037
0.5999765,-0.9483304,-0.98270535,0.62605,-0.4574863,0.2608772,0.7222182
-0.5122135,0.024573185,-0.5202401,-1.3976139,-0.16170213,-0.056186654,0.14275542
0.46128857,-0.9077241,-1.0360013,0.6945641,-0.018972823,0.11682691,0.74767274
-0.56191695,0.5661122,0.49341372,-1.1745827,-0.4646898,-0.012904832,0.49498183
0.52805936,-0.6889575,-0.92809427,-1.0446703,0.2608387,0.49279207,0.79048944
-0.56480044,0.3436852,-0.2305506,-1.3686944,0.22759078,0.05429893,0.10889003
0.46475935,-0.8133448,-0.8701421,-0.38446346,0.20496608,-0.21900302,0.72344303
-0.5516684,-0.36476275,-0.4259081,-1.3500193,-0.0070815003,-0.3004368,-0.1836086
0.5422633,-0.8668617,-1.0575613,0.710652,-0.08971211,-0.35478282,0.76368654
-0.6306722,0.5465513,0.5638847,-1.3504934,0.04951859,-0.08175278,0.5200748
0.5241515,-0.6721447,-0.8378029,-0.68332905,-0.27171633,-0.33906895,0.765735
-0.590664,0.04626035,0.124367006,-1.3749,0.05045526,0.08135538,-0.10396747
0.5915778,-0.8005503,-1.0061992,-0.3123454,-0.23371638,-0.4886194,0.7934658
-0.54260975,0.24326456,0.09687681,-1.331231,0.17485479,-0.35971248,0.56738776
0.55125594,-0.83487684,-0.7998438,-0.8575008,-0.028037177,-0.46336448,0.80410767
-0.49393973,0.5085878,-0.031082949,-1.4452326,-0.2840119,0.18163233,0.23566593
0.52469754,-0.8160252,-0.9303603,-0.4181041,-0.022811899,-0.065653205,0.78249824
-0.5272036,0.10385134,-0.5107894,-1.3612541,-0.0012894263,-0.19029774,-0.1636038
0.546873,-0.7422609,-1.0237924,0.6160625,-0.018612415,0.18837526,0.7076235
-0.49616075,0.4782502,0.35734752,-1.3045514,-0.15750287,0.0872298,0.56328315
0.571225,-0.716907,-0.9776326,-0.5350015,0.06634393,0.042627968,0.71122575
-0.47304687,0.45973322,0.20616981,-1.1906911,-0.116666846,-0.05804742,0.4236331
0.41925013,-0.8822026,-0.95050335,-0.50873506,0.28713232,0.083361045,0.7854539
-0.44520718,0.3190169,0.14550056,-1.2715511,-0.23052847,-0.034175742,0.47878516
0.5533709,-0.95133024,-0.89544046,-0.55751866,0.013383699,0.04786096,0.7286539
-0.5599983,-0.06272776,-0.41766024,-1.3405229,0.0729035,0.3262275,0.14878991
0.48465964,-0.8305396,-0.99146545,0.57514477,-0.020814555,0.36151925,0.6575959
-0.6139247,-0.1622366,-0.26606017,-1.4172395,0.097018726,0.19176671,-0.11446042
0.67258096,-0.8823927,-1.0584005,0.58862865,0.112828545,0.13766998,0.8471806
-0.597426,0.25699076,0.35974458,-1.3020706,-0.3352693,0.12161933,0.24650882
0.609218,-0.84271187,-1.1426706,-0.4969297,0.36860102,-0.3718986,0.6572178
-0.5469451,0.09728762,-0.37187648,-1.3871912,0.2960408,0.54357123,-0.26184338
0.50529265,-0.8225009,-0.63125354,0.81097555,0.07058726,0.102621034,0.78706276
-0.62805855,0.5052948,0.5346732,-1.2188941,-0.097780555,-0.376806,0.8691777
0.64479816,-0.79809505,-1.0305606,-0.79567575,0.20971726,-0.5909835,0.6787466
-0.5561586,-0.14970946,-0.36311057,-1.3398904,-0.72951496,0.0735673,-0.5602812
0.5909036,-0.8481065,-0.9656392,0.6345582,0.0061736605,-0.14009586,0.7758701
-0.47077185,0.22650272,-0.011545966,-1.5505692,0.3675017,0.9990646,0.015229565
0.5065844,-0.8334345,-1.0965451,-0.05333665,0.30282032,-0.17223637,0.9535716
-0.45616186,0.26787093,-0.69390863,-1.3312305,-0.18562192,-0.30662,0.011648708
0.33924982,-0.91851103,-0.96046144,0.55909806,0.47433853,0.08897709,0.7184056
-0.6097883,0.0834994,-0.04857797,-1.2902731,0.18860961,-0.28096345,0.36001995
0.6036446,-0.8884979,-0.47154173,-0.8771084,1.1903565,-0.5631576,0.9607632
